"0","tamaramorrison@hotmail.com","pbkdf2:sha256:600000$n9HxGNz4ginVzEjA$f66aa599b1f7b2e238e5608aa9461e91df6edc41a1479da7d65ec6ce5aa348c2","Gary","Cross"
"1","woodtina@gmail.com","pbkdf2:sha256:600000$1B3jrAuwNUXgwrKp$c01d5e99b544624abdf4c7dbc28b28408c523a6325e8dce18b455db1ad36564f","Denise","Thornton"
"2","rogersbrandon@yahoo.com","pbkdf2:sha256:600000$5ePVYZqGNXOQvZ3X$77f25e36c51b2506bf5fbcf586a0c68b9c43c0b4d99cb5722c2f1756af71e88c","Christina","Saunders"
"3","davidbanks@yahoo.com","pbkdf2:sha256:600000$Xthl7IPqKaWHIfPI$396b211eb654354a87d06e185e51008d78c79c0021e4a1ea81cf838fa9c2eeb4","Kathleen","Collins"
"4","samanthasims@yahoo.com","pbkdf2:sha256:600000$vayPLI5IMersekIL$9b1ee84d06b2d3c65a82fb7cde5a8f945bcd6b3c30865391dc2f2658bc1d18aa","Timothy","Parker"
"5","amyvelazquez@gmail.com","pbkdf2:sha256:600000$pp2aZpwrINXWCZBF$4fa2a87f548d1006dbea9429fc854d1836a49faece5335154f3cb72b45ba03a2","Dr.","DDS"
"6","dpatrick@gmail.com","pbkdf2:sha256:600000$fnLzC6Ncy5NeZx5u$1151e299efd1d9df8bbe8a580f2761e41796567a4163dacc9d612c412f313be9","John","Gibbs"
"7","huberrachel@gmail.com","pbkdf2:sha256:600000$LBhD3ZgIqO9Bw5EE$c9e4bc617cad5f0b3eb9bd32f9591112cdf1055e2ab9d3e3c3d880491aa450a8","Julie","Chen"
"8","karicarter@yahoo.com","pbkdf2:sha256:600000$i740Rar4N0zZ7wIq$4be6bdbcd7383811fc608a70d791ee21e7ea1357884ef4500b7a377d3a85cd9e","Ashley","Cooper"
"9","bramirez@gmail.com","pbkdf2:sha256:600000$p8w9WQCJcSfcxSbR$9550f3b979971426ed83b229f6da82c630b14495b86b78519ba39aeff422a552","Christina","Smith"
"10","mcdanielchristopher@hotmail.com","pbkdf2:sha256:600000$pg15tzzggYS2n12g$3fa9f49ff556648152df883632417022770423865f9109194dc7704982c7dac3","Leslie","Taylor"
"11","fcarpenter@yahoo.com","pbkdf2:sha256:600000$iYPU9JHWyyfREQYm$b5324e530683b28bfead3bfeda9972b3e07a810669fa60e6507c9c5bccd02f0e","Amanda","Schultz"
"12","nhenson@yahoo.com","pbkdf2:sha256:600000$jdlyLW4lr3ofUx80$0e3bb3dbe12ec663894e23b58570db98d1be42156401ca256255baf497e30882","Kristen","Smith"
"13","taylorjamie@yahoo.com","pbkdf2:sha256:600000$GNU7E3zEZfnTQXao$994ff22bb825cf3cb895b8b2bc8e14f330ddc873bfa8d06c825bdf3d6cbb608c","Mitchell","Payne"
"14","areyes@yahoo.com","pbkdf2:sha256:600000$r7SX48d3BSLVIzhg$766c896aa03d41c1e65ea4b01f83f1a1c56bb536cf11322b55d082963db6b0a4","Katherine","Brown"
"15","zmorgan@yahoo.com","pbkdf2:sha256:600000$RN8zngn2cJk5wign$9e2c326ca04e508571f6d2694c9a4a9bb26284341ee1094eea4fbf19cce0314b","Jessica","Hancock"
"16","rfischer@yahoo.com","pbkdf2:sha256:600000$sqfXBgyuWulWNuKI$e8fc65fa55973f46aee197bfb2b9164ec1a607412c57a4ff70780aa0e3c23b04","Gloria","Smith"
"17","vasquezkathryn@gmail.com","pbkdf2:sha256:600000$1UHkHfQypzB8Cydr$2cd4459bc29fc570d1ecff69afc20a32d70b514d5277c8234c07a4d94820e4bc","Miguel","Shields"
"18","kimberly87@gmail.com","pbkdf2:sha256:600000$2WxCpmcLmn76Uety$57ab099a1a104e414d77ab905151bd10917bd13295371f50e2a5b7c26f8bb758","Kyle","Powell"
"19","wbrown@hotmail.com","pbkdf2:sha256:600000$SuHivlCHKWWak6MP$a3d9c3bdf1c072a03ceb1ec7d41fb276485a39725b52601366698aacaa29447d","William","Hensley"
"20","pwilliams@hotmail.com","pbkdf2:sha256:600000$zbvDzH391rlc9VIJ$6198254bb4e55ec62d39c507817cdcdc72f47def07e285d594a59b43d918d607","Brett","Donaldson"
"21","houstonwhitney@hotmail.com","pbkdf2:sha256:600000$nQdIzyNbP4ywF88a$38e6118e0aab61ac4686de8f249b1fab835b6bbb128ba83d9dbe1346d0d5802a","Thomas","Cook"
"22","pford@hotmail.com","pbkdf2:sha256:600000$hxSY8pChtH9vvo2a$c087c419b94c1a9f4910cc7b00b6a7d582949d934297c190beaace327d4d3f86","Tina","Thompson"
"23","elizabeth32@hotmail.com","pbkdf2:sha256:600000$529NzRR3QDpNaAYi$3224a063d6f28a932ceed70a0ccf95c9b3e8fc5be53c7fadc558afe008a9bad5","Lauren","Walters"
"24","nancy51@hotmail.com","pbkdf2:sha256:600000$6Qh3CKRqc5P68rsM$50cad4d6adff74b6d1f68e42f4b55e7466d5c5007da3997e6b1b214b03a1b882","Troy","Hawkins"
"25","danielrobles@yahoo.com","pbkdf2:sha256:600000$7edVHyQ3jGQYjdTN$75beb7cb4c0f8b7073ff2a3007914a1bdee4f83e291aee88c201d01f0ddd71f4","William","Bray"
"26","griffinpamela@hotmail.com","pbkdf2:sha256:600000$rEnXTZW60pGBXxRJ$e4258f1a4f4a712e4a635f75d7f2527357c43f087ded8bcf4e090510df8797d4","Melissa","Wells"
"27","qmyers@yahoo.com","pbkdf2:sha256:600000$qmCaO1grjSCZ6X9l$1a209a3a30c206a8f3310c1df2c133bbc4220a5d3a4ce51681b44e6e53e2c65c","Amy","Sanchez"
"28","jeremy94@gmail.com","pbkdf2:sha256:600000$bXpaVjnJuzce0h7M$1a106731a5f7373a4aca79aacea58dab9e93bc435324fc402f75b5afffc69488","Joshua","Jones"
"29","wendysteele@gmail.com","pbkdf2:sha256:600000$KFsqE8KGVdkVhTDn$ae6f7ba43b18b7f5a3f385a39572f950925a069e2be5f769f4c2c310698f37df","Zachary","Garcia"
"30","hartmanrobert@hotmail.com","pbkdf2:sha256:600000$ylFkWghTOrogcGmE$a331a732fd6b701e6728f95fddbf2259dd161604e75f0e88688118cdc93a9a90","Kim","Ortiz"
"31","martinezchristopher@gmail.com","pbkdf2:sha256:600000$wnKQHgTJlIm6tZaN$37ea082dff4c311da0fbcef326df6792a5838a6dfdbdc1dd29b6fd7a03885a49","Kristin","Ibarra"
"32","qstark@yahoo.com","pbkdf2:sha256:600000$dqS7PBnclDfKq0aK$6cadb68a57d1ab33b4f8afed0b1b11962c4ba53a2a52d603b666f3182527025e","Eric","Taylor"
"33","waynebarnes@yahoo.com","pbkdf2:sha256:600000$E7TppWFe4tKaqWJO$3c365d32eb54f4415371180bd4c7042a4bc3a57929750ee0864102bb68995cc8","Daniel","Mccall"
"34","vschneider@gmail.com","pbkdf2:sha256:600000$tmbmlnYrvQbFCrvB$348f1406548d3d3d7d1131a8f62c868b0c76d58fe54023a128b46739ce43bd66","Brian","Kelly"
"35","ostone@gmail.com","pbkdf2:sha256:600000$fxBXgH00tizKXsMd$493c4b3bc841ffa21c4c1b86cb0a189728405fb3ec1ae5580789701e14dcac54","Abigail","Hoover"
"36","blewis@hotmail.com","pbkdf2:sha256:600000$7DUTnxXtIvrnt4pl$9243b825c72e4f65ee365bfa04c459789dea5a66e9e30dcd1e070e7bdce508f1","Ashley","Williams"
"37","hbrown@gmail.com","pbkdf2:sha256:600000$A1zOZoLTNimcm0G2$3f10e75b879b4d4b1fe380e89e40b46a694f94e7e4ade7c9f2e8dd2b05f992e5","Edward","Hill"
"38","joylowe@yahoo.com","pbkdf2:sha256:600000$CfXypcUtYAKLQUYY$907aad15e9c7f8deac4363af8f178905ed858b3b3fc934122dac4f1afbc55537","Chad","Bridges"
"39","sandygarcia@gmail.com","pbkdf2:sha256:600000$mYzjeUP2nQoJbuVn$f74a38898bdd7554d1e49a54694aba6975e57c2f15557eaaec7a6046882a067f","Dalton","Fritz"
"40","nbaker@gmail.com","pbkdf2:sha256:600000$YiaLX4iAct0dZ5LS$de9675229b9bdd3c1e231a97130de791fbf067ff56d792a239faae7ad5b2af43","Erica","Vega"
"41","jenniferbaldwin@hotmail.com","pbkdf2:sha256:600000$wll29HAEJngnOgeD$1bb4590900b88a799e0e598f992e93ff526a9a4a924ae86bcd242f0fbbbf54cb","Dawn","Russell"
"42","codyherring@hotmail.com","pbkdf2:sha256:600000$0HY5s1ons8PAP2Iv$e0a894c19d5738d1d15bdae1dc423011d23069e01ed9bfb8786a6d8b0d4ff7d5","Erica","Le"
"43","tgilmore@yahoo.com","pbkdf2:sha256:600000$daYkygY9pKJCR5FL$1818131d713343e6cbb0ae18d699ea3fd2f4f79f5752a41a262f737158783ca6","Kenneth","Castro"
"44","justinbonilla@hotmail.com","pbkdf2:sha256:600000$XTsYHh7rSkx1qaQi$217994045cafce2326308cebacff29e5ee77067903508e900d81dd65c19e2388","Daniel","Patterson"
"45","webereric@hotmail.com","pbkdf2:sha256:600000$GsU8M0UmQSJfU7gM$b7f2a0c47c64744d6f552e887b5b3249688138969bc4e092f0a4943629897852","Douglas","Yates"
"46","denisetaylor@gmail.com","pbkdf2:sha256:600000$wY4K8f3d1bdT26lx$7ecaa4311b7faef9aa8267bf5ac554c779668743c878a24e3709ea5f3e443355","David","Steele"
"47","jyoung@gmail.com","pbkdf2:sha256:600000$nitCjC544vYOXRrw$0deed74d12f04c8db25126cc564afb145a7ab931852cc3b2ddc997dcdb899799","Christopher","Green"
"48","upeters@hotmail.com","pbkdf2:sha256:600000$TEckidhWEnhYRhiV$b26807755cb57061fa379fbd9c2bb16a83e028c7f34f4ae58a0e9f763a4f07c4","Maria","Valentine"
"49","torreskyle@hotmail.com","pbkdf2:sha256:600000$Zjnf8lB72rpKlA96$35212cb12fbdd36f916bcc1f2341e1df987b47230e1be7db45bb40c125a76732","Beverly","Taylor"
"50","christopher91@gmail.com","pbkdf2:sha256:600000$Cyqfi4NQUMAsU5wc$6d23fc2e836a075039205adcc84158c24071e739eda241f48dcf5f965889d3a6","Kristin","Alvarez"
"51","yolandabraun@gmail.com","pbkdf2:sha256:600000$ypHFFItmlolTMPrm$98530c66b2dd23dfc7868f45b5c8aec572138e5f5a539fe47c169844e3b25db3","Scott","Lawrence"
"52","olsonjohn@gmail.com","pbkdf2:sha256:600000$VH8LbGxdVaMe6XKG$4e7e3d4147cca4c3b93494a0ec0eab9905c99dffcda1cd1cca518e9c0de03d6e","Perry","Jr."
"53","erin71@yahoo.com","pbkdf2:sha256:600000$Rop5WebAIh0S2kAs$e889aea09246dfda8d79c263c4218114e567b56c357dbbf8f8518d102f2b7219","David","Rivera"
"54","kelly22@hotmail.com","pbkdf2:sha256:600000$P6KDz4fnPJ4cwxpS$690c466d267480b32675b31136a05aba7edd1dcd1c5e0f32682727b2fd452e68","Shannon","Rivera"
"55","beverlysmith@yahoo.com","pbkdf2:sha256:600000$lMbwvBW1xXyEeF7d$5b0c367181086fc479a033c1931e8a5e7ed9ac1eefc199d2577c114635cb8f72","Katherine","Smith"
"56","ktucker@hotmail.com","pbkdf2:sha256:600000$OJUYPSqYk0ePCJM3$47b74235303e25c91e703c14daf98d850a6adda02a19233e55a1a8b3956b2487","Elaine","Morris"
"57","gordon43@hotmail.com","pbkdf2:sha256:600000$tnf4j2JHECEA0t0p$7dbc6d2583a087cf0029d7db74ff348cec5bda1b1e84c074dd850c1ee7f416eb","Wayne","Reed"
"58","kennethwashington@gmail.com","pbkdf2:sha256:600000$8ptx2r4MP4ouCFTO$337a055b3fdee005044e22343337ddab0fa80fa8c8e51d62efd151f1198ee260","Jennifer","Marsh"
"59","zharris@hotmail.com","pbkdf2:sha256:600000$QXlXXh5hB3waxDmN$bf7b0251aa150f79184d9259dbdc0f96ccc0ad9a794379cd4ac27934c5d075ae","Richard","Haynes"
"60","davidlewis@gmail.com","pbkdf2:sha256:600000$2BmtyDzTzZvt1d1v$893d1e537b619fdf37dfefe6b7add99d33d09e3b8dbde120976ee14fba21b338","Sean","Jackson"
"61","joshuakent@yahoo.com","pbkdf2:sha256:600000$E7Jn2HF5zGCn40Q7$e4aa3e0d31c7f898a3f34788d040c79fe5f3ab1981c63dc1b72183c3a499e51b","Billy","Graham"
"62","tammy10@yahoo.com","pbkdf2:sha256:600000$1NHuzyegZFtQgTZm$3124a939fbe9a8e85fdaf5d52a341fb1b0ffd35189bc99e8d1a535280dd4f30c","Christopher","Mitchell"
"63","christianhernandez@gmail.com","pbkdf2:sha256:600000$Ohwe2gg2skuLuis3$6e1446adf85ebcc1cf8d56b15ca80af3a41185bb6bc66d7a17a53bd2eb485b2f","Jeffrey","Griffin"
"64","randallwendy@yahoo.com","pbkdf2:sha256:600000$dH11Qr8JX4Nv9SiB$354a232933c97abfafd8e0c77890d3cd30d922e7026bac5cec8505ecb0345c60","Chase","Foley"
"65","heathercrawford@yahoo.com","pbkdf2:sha256:600000$W1b8xeSIXckdtA8G$15230536c0b2999ce64b0dbe1e0e331b6bb5d1cb549421f83e795755479ce175","Matthew","Cisneros"
"66","pauldiaz@gmail.com","pbkdf2:sha256:600000$5NKR5RnAo4lquIej$797db97011015ae5c12f95519c22f9f0687b6e8f97d4a0375b3831d7e9c8b512","Tyler","Pace"
"67","victorlewis@gmail.com","pbkdf2:sha256:600000$MWrvluV7mqy5yDvd$59ad5b2684df21a37f8519816494f96eb6f315649524f0957eaf417bfcc48760","Matthew","Beltran"
"68","armstrongcolleen@gmail.com","pbkdf2:sha256:600000$Dj1T5vFWtLU8Xh82$b4d935cf849b6b442f7ab5adaf7b7d95f69ef0675ad48b64169e09aa3e15d353","Sandra","Powell"
"69","mwade@hotmail.com","pbkdf2:sha256:600000$2crCYtNi9T6oBGNO$eacec2b16729ac4641de69bdb122380a6ee379c85385d9dd5d11aee8a1e76144","Matthew","Jones"
"70","kristinperry@yahoo.com","pbkdf2:sha256:600000$IfaHBFLRSNUueIVv$0ac75bd40048bdbf48cad39ff33330d4e84040bb30c925f941888e543f03495e","Jacob","Roy"
"71","cbrown@yahoo.com","pbkdf2:sha256:600000$3dkBLr6jUt2wLA97$62033f00e1f8150bfce78ca695bc5fd9b1fd146baf459a33e5261eaea93a740b","Shannon","Boyd"
"72","patricklopez@hotmail.com","pbkdf2:sha256:600000$k38IjSx4uwLywVRL$a0cd807551db9e826550891a642f378637a83d945fe8f92bccbda75e9e3153b2","Jessica","Wilson"
"73","osanders@gmail.com","pbkdf2:sha256:600000$QAXb2N4Y1tfaAcTu$5a448ce3aa0385a69aa4fe8cbb2797cc6fd8c126aed47ba1ce7a4dc1a0497ce2","Keith","Ramsey"
"74","sharon91@hotmail.com","pbkdf2:sha256:600000$hGvDQM8vX8Oav1Pe$ec9cd5e7c930a5456ae63a8cff21daad81765f68a01e3f5015140461dcff30db","Lori","Dominguez"
"75","privera@gmail.com","pbkdf2:sha256:600000$mfjcuwP8gl48C2gv$b6741333907e1d052f79680884761555e510e9a9eb6307c03fc86c6acdc7fb36","Patricia","Pearson"
"76","brian64@yahoo.com","pbkdf2:sha256:600000$2IwkTsIbWxdeuoP4$51326b41faf6d5487f39b88d7d8a34a9733d5d4910fce3b6807d3ec7045f1c24","Alan","Pineda"
"77","diazfrank@yahoo.com","pbkdf2:sha256:600000$0UIDyeQkghSdH91E$6ed0b5ad905bfafac19be460da9e24b70d988e1be0caf3c2a99879e1c8d9071f","Jamie","Clark"
"78","qferrell@hotmail.com","pbkdf2:sha256:600000$wmMZQ5NTyA65ySFt$afe9204aa7402e2fbe1165800459ab91dbf22bda74938774bdb2856c611d4460","Tracey","Bartlett"
"79","patrick19@yahoo.com","pbkdf2:sha256:600000$pvv3wgjAgqIglB1s$684ecb58fbe7109f512f09e98ee981f00291de14b0632f74886d48a655bfef4e","John","Coleman"
"80","derek56@hotmail.com","pbkdf2:sha256:600000$lVBj96DlRLDwPMBR$211a0089690ddcf89d5924fa54a7b33849a4461026579be3abfb5e8f7abb9064","Edward","Ochoa"
"81","jacob95@gmail.com","pbkdf2:sha256:600000$9GfYMoMrnMtgDNjt$f76a730f60c07a7a63d1da5348b3b2ea5a78e1a326acc9cffb4cfbd09ab1127d","Sheri","Jennings"
"82","ppatel@gmail.com","pbkdf2:sha256:600000$3yjqnJM8MmGJFtxh$e96a155b3d468c33018c6cf1f2b5bb06820d20eeda4d9a42dadc1a31780a8d5e","Deanna","Holt"
"83","nicholasmorgan@hotmail.com","pbkdf2:sha256:600000$xgosmY3tsVDoGNSK$0b422edd8931fb146564e6016670abdc0697a3078f70471f193f899b0c2ee4ba","Larry","Palmer"
"84","dwells@hotmail.com","pbkdf2:sha256:600000$NZW1kCafcuS0Uqis$b62cc7cb43dbeb4a369e0cdee0f9e9ff053ddd5361ad370780bf6d74612faee0","Kristina","Higgins"
"85","amyporter@yahoo.com","pbkdf2:sha256:600000$mY7kCRSuZ3XQnlJ1$984bbd5fd8f81627247e197deeff34ebfef9598c86ca10b25be41a17ca6bb1d4","Shawn","Matthews"
"86","lindseylynch@hotmail.com","pbkdf2:sha256:600000$iVLVQ0Oj9gYy3CXz$6f3e2d0c62b2180936579d301bc06379d777756ac0e5e4b08c6316db530a9f08","Leslie","Pugh"
"87","lcollins@gmail.com","pbkdf2:sha256:600000$EIfrxvLmgY1BA4AB$65b5d8ad649c1773f9577a5c8544b9d47826b15b9ea11bcd58d7f3de2a6a1828","James","Rodriguez"
"88","john71@hotmail.com","pbkdf2:sha256:600000$kk7O1rGWgz6o4CK9$aa3b3c75823b6f6fbd09facfa196ee8b2e4f6048b8cc8ee4781500033ea6f4ad","George","Butler"
"89","deborah72@hotmail.com","pbkdf2:sha256:600000$3QuyNVII98uGEHdc$32dcea0bf59a4a967b366714ad84d3ec07237961ce98412462344604516301ee","Shawn","Gregory"
"90","irwinwyatt@gmail.com","pbkdf2:sha256:600000$5Bzt1xbRACNcth9v$71b4f2e08776a3b73f056d3510b4bbff8e55aee346090c2d0f4c8cbf8dd35222","David","DDS"
"91","pbrown@yahoo.com","pbkdf2:sha256:600000$GHNIZHzsMhSlyVjJ$d86aca8158a5201e0b265031a1200502b1ee57e66d560b8d898bc6bde7ae927a","Mark","Chapman"
"92","elizabethyang@gmail.com","pbkdf2:sha256:600000$PmSpgMVDLrnPQV4Z$7eacdd92a7cdac977157e41a32ae9d5e2e072006a794cfdb1009afccdb2e070b","Savannah","Miller"
"93","zwilson@hotmail.com","pbkdf2:sha256:600000$fKKvDu7joglZ0V7H$27cacecf714fd90f2ba5b3ac84819232ed9d11399932250310739a92d7cb0a45","Matthew","Doyle"
"94","drakefrederick@hotmail.com","pbkdf2:sha256:600000$QctpknzxFY5OVBoY$aa971ff4f168e6e86e04bcbd180d63abbee1232d7fc2c4753e93e55664e40f99","Daniel","Carter"
"95","mforbes@yahoo.com","pbkdf2:sha256:600000$kTOHCcZ8BMbpX69v$5b748ce529ac73891bb37eaff6e30352aeb70afc525f794ec357d77cf5ba2de8","Donald","Ponce"
"96","hillshelley@gmail.com","pbkdf2:sha256:600000$GqMrZVprmfFHD6rG$dcacddda6cba01316ffd923df067a96b38cce4f11e42eb9807369fee1d08ef0c","Dr.","IV"
"97","brittanymendoza@gmail.com","pbkdf2:sha256:600000$yWVDBxqzMfh0Ab3d$1eece992fbb681d32cf12ce004682ed704858e3d1941c2a9fdbee3fe933d7377","Adrienne","Friedman"
"98","taylor42@yahoo.com","pbkdf2:sha256:600000$pAplFADlKLjJX0hS$7186e69ee5792ab33cb3926940e324f05a5b07e26fbe6b821c44019c9bb4fe52","Justin","Adams"
"99","jacksonlori@gmail.com","pbkdf2:sha256:600000$unoN4TZ3p0pPTdPW$f5cc5f638775823a53eb009855980f636010cff2c2197e7596a1a4843ea07101","Michelle","Welch"
