"0","tamaramorrison@hotmail.com","pbkdf2:sha256:600000$h3syGNkBo9YffAMi$0d395b2d02427f888c0929d406d434b1cfd39ae5d0652ec00861265ea2840169","Gary","Cross"
"1","woodtina@gmail.com","pbkdf2:sha256:600000$IzpslbTlcX1XebpP$0ed5f91643065252e298ddef6fc2f18b46c26e1f2d4dda6f365047ee09bb101f","Denise","Thornton"
"2","rogersbrandon@yahoo.com","pbkdf2:sha256:600000$OlgFR6lUKAyazjWF$09e4a7c892194f3dc5f19e1e367df4abc3915038d7e0ce9019cc5bac990e9ee6","Christina","Saunders"
"3","davidbanks@yahoo.com","pbkdf2:sha256:600000$YaFWsTYeb5LheWNf$584e464d73aa844e38868c5ce7ee6c22c98cc2f3f0ecfdd201f41e39ccc0c185","Kathleen","Collins"
"4","samanthasims@yahoo.com","pbkdf2:sha256:600000$2TwNtBIX36FCb05s$25f37c2a3635ef4efacb6fc97cd3f0a9cd5e1f54db4a89a5a45bdb71bf4abf91","Timothy","Parker"
"5","amyvelazquez@gmail.com","pbkdf2:sha256:600000$rVaMrTDaBfqnRShr$ddf290b1e6ab4256d281bf0baac9b7aae8c0c7c91e040991c0a84ab004d85d9a","Dr.","DDS"
"6","dpatrick@gmail.com","pbkdf2:sha256:600000$fQo8TcCV4FMMur0N$69997a693a77e72b9430ea952b6bb4f613ada5fb0c0b32dbbd20e87a5f2cebb3","John","Gibbs"
"7","huberrachel@gmail.com","pbkdf2:sha256:600000$bcaMwpxQ90NG4Tsk$c3201fb2fbdd916d17408ce33e54d3b17c3762a79a1ac8f33ac351339f756404","Julie","Chen"
"8","karicarter@yahoo.com","pbkdf2:sha256:600000$038UfCfQLM1aTzUt$3882947b2acebd2ee29c1beb622b09d05ee72fbbf58bff1c58a00856ebf90f66","Ashley","Cooper"
"9","bramirez@gmail.com","pbkdf2:sha256:600000$Q00c81NKTicshb7v$6fa0a270ee41f9e8e5e3c0e28cde58a9777bd6f25979dd5fcb60a6bd4a332e58","Christina","Smith"
"10","mcdanielchristopher@hotmail.com","pbkdf2:sha256:600000$cL85hjyu6QCbmwpZ$35a412815593fa7d971de1de10fddf4b8d18a8e0d629c4fce02ab0f8a9b9e795","Leslie","Taylor"
"11","fcarpenter@yahoo.com","pbkdf2:sha256:600000$lR3bCzDxJ4NwrEy3$71155575f2fa62aabfdfa8e899ae591e2b9705b64ac9e6d1a5957260427f0037","Amanda","Schultz"
"12","nhenson@yahoo.com","pbkdf2:sha256:600000$88n2aYG4UzGiOZnK$6a1c29f8e0b6c51fe2824f862d474ee6700c574db56c01f82561991d9cdd9d00","Kristen","Smith"
"13","taylorjamie@yahoo.com","pbkdf2:sha256:600000$dYNGChmFG0wX8Zcx$f6429ca58bc0ccbeced6d4e7c479fb6ec54b363a03c6aa98b264265657f6b8f6","Mitchell","Payne"
"14","areyes@yahoo.com","pbkdf2:sha256:600000$Mq1asAddyC9GHuFX$5faecd77a99d869063107098b1425e14a2d1adf4952861cb7791ddfd7cc94cad","Katherine","Brown"
"15","zmorgan@yahoo.com","pbkdf2:sha256:600000$jFkuHu6CJe3lklo8$45ded7e07369dfb3acf3cabd11342494c621d09d0c8912f2889a4b622b83b820","Jessica","Hancock"
"16","rfischer@yahoo.com","pbkdf2:sha256:600000$v83xJ0P8uricsVuN$4040d99af48e616fb84c0528ab83245e9e171dd2f099ceacdd50bb365328146f","Gloria","Smith"
"17","vasquezkathryn@gmail.com","pbkdf2:sha256:600000$C7fe2U7U6lvR0uOz$7046e590c7c3ad65aacd9872fee016c48b5cfbf435f88fdb5e57da8b223b6639","Miguel","Shields"
"18","kimberly87@gmail.com","pbkdf2:sha256:600000$RTumtXaLUIgZOWIm$346b434d6d3c514ea159818770f7a8c16347bf25b1ab0739521385271d7e093b","Kyle","Powell"
"19","wbrown@hotmail.com","pbkdf2:sha256:600000$c6Oy7iid8ogNB9rz$3a8c3921af4599e982dae52d5542b13e54b9fccea23e3d9d1179679961eebf17","William","Hensley"
"20","pwilliams@hotmail.com","pbkdf2:sha256:600000$fLMIzyhdQYzgTcgK$eea79978768e24a6b8c3658e859654c4bdfcd65e9e800037de78b066f952a8a3","Brett","Donaldson"
"21","houstonwhitney@hotmail.com","pbkdf2:sha256:600000$S6Adob3Rm0t8Mmi2$950b0f2bec22bf1d35a3789c57407e95d54b77e6883ae6d05d4e16b52f91de1a","Thomas","Cook"
"22","pford@hotmail.com","pbkdf2:sha256:600000$ySJ9V3WHugJKDd3u$1227b20484771e7623f53afd44d73f5cb035450717410476ca9b8629a67385c7","Tina","Thompson"
"23","elizabeth32@hotmail.com","pbkdf2:sha256:600000$ZQqe1ouxpxCIgrn5$f8d29ed334477090afbdd1dcbff1cebbc31c77e0c0f92573e91c4e3a09e984c9","Lauren","Walters"
"24","nancy51@hotmail.com","pbkdf2:sha256:600000$I7FZd02OXZrN03Yy$b6e004f31b362bffe9e195ae80495178efad8b56c34184ab33b287780a154f3b","Troy","Hawkins"
"25","danielrobles@yahoo.com","pbkdf2:sha256:600000$BFFRvNB2lg7AeqVX$3d0d8ea00055eaf82c840b20550b8dafbe3eaa67cb93427662ff783407ac94b8","William","Bray"
"26","griffinpamela@hotmail.com","pbkdf2:sha256:600000$BAQyN1WGBQ30xF2h$c65e5b21aa240b4b68d20f9a7e6fc09f619c7126b50dcc17469954a9909dcc25","Melissa","Wells"
"27","qmyers@yahoo.com","pbkdf2:sha256:600000$Go289zeL6DmcjEli$23b428ad486737790194582c19ec9f96301c823d8c9ccb4a3e041b4e917c9bf8","Amy","Sanchez"
"28","jeremy94@gmail.com","pbkdf2:sha256:600000$PCblrf0wBSdSbpAL$553520584e05e68085b78bfcb231bda6aa13841b10fc568efbaf5fc6471db06c","Joshua","Jones"
"29","wendysteele@gmail.com","pbkdf2:sha256:600000$ZCrJFd3YchWPXPOq$6478c4855cd05582f961bb1052916eeabb3072a2cbcf6974706abad614321440","Zachary","Garcia"
"30","hartmanrobert@hotmail.com","pbkdf2:sha256:600000$zywdKyIMn7BS1C04$09585a647a7b38d0e1dc8960933bef5959d3d3bdaa32e57b231420aaa9619774","Kim","Ortiz"
"31","martinezchristopher@gmail.com","pbkdf2:sha256:600000$Ll5KwULbkcy32jG3$f4a03c1fdd19ff2a46edff1410eeea0b1feba09cc2a46d0aed6822b47d5630d8","Kristin","Ibarra"
"32","qstark@yahoo.com","pbkdf2:sha256:600000$gfsTMtJVvHgv0Vl2$38d0a96df633da2a14f6897ea939810aedc5bfcd63fa8ec93a67cbd19152aad8","Eric","Taylor"
"33","waynebarnes@yahoo.com","pbkdf2:sha256:600000$MrQUfPTF7HgMSc76$c03f40d0bbd457853526d0a8bf2516eaa49fd93cee66ae5b3396a5c81b888de2","Daniel","Mccall"
"34","vschneider@gmail.com","pbkdf2:sha256:600000$R2sKPkw70kEGvZEr$c94f4ffbc565a328dd5afe40bb4a53dc34711eff7f2548af8fd50ba067e722df","Brian","Kelly"
"35","ostone@gmail.com","pbkdf2:sha256:600000$1Nki7faLZfRNU0G2$ea47bd12f85a5571aa5ee169617059db3ee012f252358bec2841b071c60457fc","Abigail","Hoover"
"36","blewis@hotmail.com","pbkdf2:sha256:600000$W94MYxmEOHRSNHnD$ef4434872b751a3947e3f277c901cbdff2f430c482a70d3ce7fa8eafc818bd33","Ashley","Williams"
"37","hbrown@gmail.com","pbkdf2:sha256:600000$Sv65u14ibF9fVQNj$9ff25fb4a85bd5389d4e3beddd7b6c232f253c2fc01aa89acd53ae0a0c910575","Edward","Hill"
"38","joylowe@yahoo.com","pbkdf2:sha256:600000$hTTxHczmFTGtXhHE$8ad5b341f4c5f866ab6ab54be96ab8ce953eb031c49bddc4e2d6e14b74e8a30a","Chad","Bridges"
"39","sandygarcia@gmail.com","pbkdf2:sha256:600000$EuBjFhzhMleUwsqE$215025dbaf591b550b24d4fa500fb148b8b5157145a466de57785c9dc52c7397","Dalton","Fritz"
"40","nbaker@gmail.com","pbkdf2:sha256:600000$irDhQjiGDlr4WGda$e15802378b97efe5ca8a621cac322c60d2d07fb20345cd83502068c87edc4349","Erica","Vega"
"41","jenniferbaldwin@hotmail.com","pbkdf2:sha256:600000$T9ZL36ZQBUYVPfSk$cf0f43fee08552243db10c7c8987f2987677a5419a7a53ed9fb863374edfe991","Dawn","Russell"
"42","codyherring@hotmail.com","pbkdf2:sha256:600000$9ssrZ454u5epEMLW$90bf81cb88b27e0e1502c1c14c9fa8a5ecb1f9351bf3f59707783c95ba6ef216","Erica","Le"
"43","tgilmore@yahoo.com","pbkdf2:sha256:600000$WwvtIg7rVfDX6z7E$9876beaf68c4e43f6009931c13cb4dc9eb0f7664bc99f3be7a9859abc331266b","Kenneth","Castro"
"44","justinbonilla@hotmail.com","pbkdf2:sha256:600000$wW8SGJ4aRQpbdzj5$6ab180c8afbe81163c0519cdd27d371e879ed4828e7117d9e40e02b4fa26b461","Daniel","Patterson"
"45","webereric@hotmail.com","pbkdf2:sha256:600000$ZwCeQmhfwy4Tg9it$d9a1f9d60a080010e1c4d077ab3499a5d0ef81864de0a87d02634a7a65938355","Douglas","Yates"
"46","denisetaylor@gmail.com","pbkdf2:sha256:600000$hChIFjy465BmNvsa$837c99c322997513e6cabe71376133278c0d498773e4e64a722b372b3a45d242","David","Steele"
"47","jyoung@gmail.com","pbkdf2:sha256:600000$y0TpAg3QTholfMin$ba234cf7a481b1716628353f2ed08053eac47b9389d3c6b15ce610014ff0b2e5","Christopher","Green"
"48","upeters@hotmail.com","pbkdf2:sha256:600000$9R2JQaRojVa86z4Q$3c6d22d9e0312c39cfe18fd5c99bd57834631da0d1542ef7878feda70f4d5145","Maria","Valentine"
"49","torreskyle@hotmail.com","pbkdf2:sha256:600000$j90HcP47ZZIuuJc0$fae22b186b1dcd38dd12393172ae142db22b6590f835f21804f0d86e3a667ab8","Beverly","Taylor"
"50","christopher91@gmail.com","pbkdf2:sha256:600000$As0nNwTHXl2kpyD3$e2126e19c248d7a72399f33c979eaa0e626d1bc896dd5738893f345722bef0d1","Kristin","Alvarez"
"51","yolandabraun@gmail.com","pbkdf2:sha256:600000$9PIbkWyJWJjHQzvP$4b6e41724c592cf4fe29361d7a904bd954e61fa71e2b447c77371c9fbcd239dc","Scott","Lawrence"
"52","olsonjohn@gmail.com","pbkdf2:sha256:600000$2lrMKYGJTLoQOaQv$d5ee177035e2a63e72f39acd98581459e2f2f0d2b18d0d6c293c5cf5cf8046c1","Perry","Jr."
"53","erin71@yahoo.com","pbkdf2:sha256:600000$80NDj0QboMGbB6nv$d1be4d735c85a79c408dcdff552a50d4cec25efb74ca28c57f5a88176e0b4e89","David","Rivera"
"54","kelly22@hotmail.com","pbkdf2:sha256:600000$l1AYDFVpTdfzrKQh$af696c90ab159e701e67d98bf93993f689c8f2f82c47447a770d7ec0de5b58ed","Shannon","Rivera"
"55","beverlysmith@yahoo.com","pbkdf2:sha256:600000$SNNhNQ4aMO5VOMme$0b98e7b8aba609b4076921f01d0911afcaf32788a668251263b226635a25a1d9","Katherine","Smith"
"56","ktucker@hotmail.com","pbkdf2:sha256:600000$pDBeuGeRCE2K2v9J$8349671ff2ba6cb7e40bc9ceded857ab195663d7c3f28ea0ac481a7ccfb78c22","Elaine","Morris"
"57","gordon43@hotmail.com","pbkdf2:sha256:600000$i7EPVhaxu26dPS91$40493dfc7a8e93d7f1ebdc8c28c85842084f53a684526f2cf288f08e435bb25a","Wayne","Reed"
"58","kennethwashington@gmail.com","pbkdf2:sha256:600000$Bzdj35fWzWq7F4nL$c44c46f1b950a09238db04bdf2e3020d809b86756803c6e6c61182052f54fdc5","Jennifer","Marsh"
"59","zharris@hotmail.com","pbkdf2:sha256:600000$icinsjUyzN7SJbMB$c5637ddd970a9e75eb557b7c94d3dfe656c01ded50f4d12c61c4ad5a967fbf9f","Richard","Haynes"
"60","davidlewis@gmail.com","pbkdf2:sha256:600000$29cPWKcU75rKwtLW$13e3af6f802d6d06f67dcbd2e0ca295f62a6e08f9af3139f02c7530bc9c2b1e5","Sean","Jackson"
"61","joshuakent@yahoo.com","pbkdf2:sha256:600000$acPi9tMJ8Ymf2MXX$c8ed51bae23cb97e5de2f192bfb3ac48e97969f1cc61c7144815257152e8ec53","Billy","Graham"
"62","tammy10@yahoo.com","pbkdf2:sha256:600000$Tk4OcVog0zdUkzsw$d26b0b5d123bc253505fea4ac54e74331921f4f7b635e14ffa54e1d25ae910bc","Christopher","Mitchell"
"63","christianhernandez@gmail.com","pbkdf2:sha256:600000$mzpNvPh1y8bYpOCl$7fd1ee0e8e24aad50231d892deada77089de1101ceba9f4c4ec0b8f9d1454aa2","Jeffrey","Griffin"
"64","randallwendy@yahoo.com","pbkdf2:sha256:600000$DouKbKH97uWg4bBx$dc4d4a8b29ad796f0b52fbd35eb802b33eb3afba289ec2af121ec249ea04f2a2","Chase","Foley"
"65","heathercrawford@yahoo.com","pbkdf2:sha256:600000$vnt2OAVpLpEAMvke$9c55238f11c96d11e4be63b47f62f80665b19a85d59bae6f8267743390e53285","Matthew","Cisneros"
"66","pauldiaz@gmail.com","pbkdf2:sha256:600000$OR4ngzI4BA9Q9lLg$da1ae4317a2cdf644a32c7b37641d3d07f43550198c0c65a2a5878b6fe08f202","Tyler","Pace"
"67","victorlewis@gmail.com","pbkdf2:sha256:600000$Cc7RyKN8TGo4atpz$dfe066488536584f0e69951745b4a7d6126aa4fb8337828f5ad12d85fb027c3f","Matthew","Beltran"
"68","armstrongcolleen@gmail.com","pbkdf2:sha256:600000$uUBIMciuanTr3cbl$3a814ebaa5637e6b30b93ba2acd2eb468c2aa785ee5dcb479090d0eeebecc7ec","Sandra","Powell"
"69","mwade@hotmail.com","pbkdf2:sha256:600000$UNoPb2jutyy1JYH0$bbd6c865caf6aea51744a6c631399b1968740809abc11e9fba79d7025d4e94af","Matthew","Jones"
"70","kristinperry@yahoo.com","pbkdf2:sha256:600000$KUzntx9jENBf51xm$2f832665b8477aa9042d7bcbf0d89ac0de935a7ee012870e6d4effe8faec81db","Jacob","Roy"
"71","cbrown@yahoo.com","pbkdf2:sha256:600000$21bOJmydnySDfQYX$927f16e43d0bbc40ea530d1e6c40b836037ca1aba7eecefe7d251b8a574caae3","Shannon","Boyd"
"72","patricklopez@hotmail.com","pbkdf2:sha256:600000$6OQkDki3Ww8D8n8b$35afdf0482a077ffd1503db17b4b39ebba0bb13449fd1f42c3cf61e9a19b44f1","Jessica","Wilson"
"73","osanders@gmail.com","pbkdf2:sha256:600000$43SqmumJs4KnU1A7$e200570683b1454c0b61a23c63b16098fbd05996b976265d748f525b6f5efcd2","Keith","Ramsey"
"74","sharon91@hotmail.com","pbkdf2:sha256:600000$wCYgHdFwfFJ4FmWs$68a61231d021d80b5460fc6fdfbd7e0c44921d7821ad9e485e19686df808a53a","Lori","Dominguez"
"75","privera@gmail.com","pbkdf2:sha256:600000$DIs27ywrCBSlPGxd$48104b2c969aa451aeb91a274722a67cc8e1a2094b8c36daa372000608b33476","Patricia","Pearson"
"76","brian64@yahoo.com","pbkdf2:sha256:600000$7EJQdwNGtVsKXWrL$ba8afd71ee100488f6effdd7e2ba5ab9837494a3ef82011f1e21de93968caf31","Alan","Pineda"
"77","diazfrank@yahoo.com","pbkdf2:sha256:600000$0HaIoGT3GEaq3Fbr$9b301279395f47a0f4ba9d763bdee927a6dd851974c0e44bbb68eb707a061739","Jamie","Clark"
"78","qferrell@hotmail.com","pbkdf2:sha256:600000$dg7pqlDzNfXgRbgQ$32efdca7e54dc1802dc7df47d47008b24718e3f791db3d3e0e8c2f557c49ba0d","Tracey","Bartlett"
"79","patrick19@yahoo.com","pbkdf2:sha256:600000$DgEqyj7qp2SCtnmC$99182999c3ff8d0fd0a11255901475a33aaa5cfe54c7501421c00f418757ce87","John","Coleman"
"80","derek56@hotmail.com","pbkdf2:sha256:600000$pF6TVHIzHQ5Fndgv$e2574798ed1598751f16f011e85e9caaf7b2f29349ba1f51c10c43f512bc5c0d","Edward","Ochoa"
"81","jacob95@gmail.com","pbkdf2:sha256:600000$5bXcUOo3DPXfTZVN$68864cd2ac01e759150d5e8c087868964f316b7108d626e8cbf5c1622c52de87","Sheri","Jennings"
"82","ppatel@gmail.com","pbkdf2:sha256:600000$IdKmL9NlzDd5nd9x$b395d173c75b803c26f21ff4a18e0071f899986f48bff342e68491892aa93b3b","Deanna","Holt"
"83","nicholasmorgan@hotmail.com","pbkdf2:sha256:600000$zkkyB7x2R7lytgDs$baf67d75bd4a51bf5e604fe927b0a9c84aa8b3cc80f8913674caf237c4dae2b2","Larry","Palmer"
"84","dwells@hotmail.com","pbkdf2:sha256:600000$zIcM0RhY9ACEpA2V$9acbdbce25529a372474cb50a642f45f76e26235a871f1d040730b4d852f426c","Kristina","Higgins"
"85","amyporter@yahoo.com","pbkdf2:sha256:600000$v3oqbsFcyJvjdqhY$af43f187d0c00cb1f334c142e1d9fc1b8c62765e81f2c1d8d5a057e486ba4c35","Shawn","Matthews"
"86","lindseylynch@hotmail.com","pbkdf2:sha256:600000$t2FXN9EclgK7ZZKV$c9cf3176ef07c70c8e4c9c40531fbfdcf643b081e485bef300506c38c3fd58c0","Leslie","Pugh"
"87","lcollins@gmail.com","pbkdf2:sha256:600000$gM2QF66YY4hh4iBZ$5740f52b501f73cff954fc1536b95c22d2aeda162d42b0ac8bb49ff0b772c52e","James","Rodriguez"
"88","john71@hotmail.com","pbkdf2:sha256:600000$dHj1nOcwq0LbmTlM$b9f31b1cf440bb96d887590110b05887e2d4e1090fd68a8825973349e11276f2","George","Butler"
"89","deborah72@hotmail.com","pbkdf2:sha256:600000$yw0kNj02dWvKsq5P$df21e34f32c0788b713933522691bf358a44e639714614ca4675f51e2b66e711","Shawn","Gregory"
"90","irwinwyatt@gmail.com","pbkdf2:sha256:600000$9y9ryF54B58qb6m8$fa25f5a3949a59120283a55689ecac80468525d14d1cb3412b2b6477e9e44af5","David","DDS"
"91","pbrown@yahoo.com","pbkdf2:sha256:600000$FQRMVtlrS4BM5FMF$5874927d6f8d7efaf41c96860eb4019a1791ee16c1b00260a92b563188d14b8f","Mark","Chapman"
"92","elizabethyang@gmail.com","pbkdf2:sha256:600000$s5wGxvoQWujHWjOa$4fe3603621ef120ce1c212efdbf8df56207931b6c992fcd83dbb360ba29a11a8","Savannah","Miller"
"93","zwilson@hotmail.com","pbkdf2:sha256:600000$JCa79c8e52eVyGQQ$f1fb81c07c000cc65cf856a598c44bb734bdd255b0a5708a02a9787288b99796","Matthew","Doyle"
"94","drakefrederick@hotmail.com","pbkdf2:sha256:600000$Z5YknWbWKSnUY1Ac$399e57fc778dd4a6551f6184ee0cf9ae79212488635d9149ac611bc189c47cf9","Daniel","Carter"
"95","mforbes@yahoo.com","pbkdf2:sha256:600000$mmvnVYPcExUAEU6b$0267d71be4cd411331273d9e58d9b603d7d4db7160362d773a908aba4b681a25","Donald","Ponce"
"96","hillshelley@gmail.com","pbkdf2:sha256:600000$WFtmiaWhCXLvuCpu$637a9409b150b5fe753b47e1a9a98dbb53f1cb3f02b3e2ab5608693eaf103d54","Dr.","IV"
"97","brittanymendoza@gmail.com","pbkdf2:sha256:600000$gStUt2HBpOgJV9ek$a06a964b3ff2fd08c1c12aadf07a3fa546e2b3cae7eec49f1bf41ff85bacb261","Adrienne","Friedman"
"98","taylor42@yahoo.com","pbkdf2:sha256:600000$jXw7RKthoTsqOhZQ$093743ced34a2ae436d1fbe9f56cd6bb4a35f2959a7ca4c10b3b9f6df380369b","Justin","Adams"
"99","jacksonlori@gmail.com","pbkdf2:sha256:600000$eGy5M7uRRxy2jGxE$727808a08f6fb1abd174dc4f8ef55608cb6791151f86b39a042394f82d5cbd7e","Michelle","Welch"
